
INSERT INTO `BAIRROS` (`BAIRRO_ID`, `BAIRRO_NOME`, `CIDA_ID`) VALUES
(1, 'Centro', 703);

INSERT INTO `RUA` (`RUA_ID`, `RUA_NOME`, `RUA_CEP`, `BAIRRO_ID`) VALUES
(1, 'ANTUNINO CUNHA', '62120-000', 1);

INSERT INTO ENDERECOS (`END_ID`, `END_NUMERO`, `END_REFERENCIA`, `RUA_ID`) VALUES (1, 100, '', 1);
INSERT INTO ENDERECOS (`END_ID`, `END_NUMERO`, `END_REFERENCIA`, `RUA_ID`) VALUES (2, 100, '', 1);

INSERT INTO PESSOAS (`PES_ID`, `PES_NOME`, `PES_CPF_CNPJ`, `PES_NOME_PAI`, `PES_NOME_MAE`, `PES_NASC_DATA`, `PES_FONE`, `PES_CEL1`, `PES_CEL2`, `END_ID`, `PES_TIPO`, `PES_ESTATUS`, `PES_DATA`, `PES_EMAIL`) VALUES (1, 'ADMINISTRADOR', '000.000.000-00', 'ADMIN', 'ADMIN', '2013-08-17', '', '(00)0000-0000', '', 1, 'f', NULL, '2013-08-17 05:12:31', 'A@A');
INSERT INTO PESSOAS (`PES_ID`, `PES_NOME`, `PES_CPF_CNPJ`, `PES_NOME_PAI`, `PES_NOME_MAE`, `PES_NASC_DATA`, `PES_FONE`, `PES_CEL1`, `PES_CEL2`, `END_ID`, `PES_TIPO`, `PES_ESTATUS`, `PES_DATA`, `PES_EMAIL`) VALUES (2, 'MAXUEL ALCANTARA AGUIAR', '999.999.999-99', 'AA', 'AA', '1987-04-02', '', '(88)9221-4180', '', 2, 'f', NULL, '2013-08-23 07:17:25', 'A@A');

INSERT INTO `CARGOS` (`CARG_ID`, `CARG_NOME`) VALUES
(1, 'ADMINISTRADOR');

INSERT INTO `USUARIO` (`USUARIO_ID`, `CARG_ID`, `PES_ID`, `USUARIO_APELIDO`, `USUARIO_LOGIN`, `USUARIO_SENHA`, `USUARIO_ESTATUS`) VALUES
(1, 1, 1, 'ADMINISTRADOR', 'admin', 'c7ad44cbad762a5da0a452f9e854fdc1e0e7a52a38015f23f3eab1d80b931dd472634dfac71cd34ebc35d16ab7fb8a90c81f975113d6c7538dc69dd8de9077ec', 'a');

INSERT INTO METODOS (`METOD_ID`, `METOD_CLASS`, `METOD_METODO`, `METOD_APELIDO`, `METOD_PRIVADO`) VALUES (152, 'produto', 'index', 'produto/index', 0);
INSERT INTO METODOS (`METOD_ID`, `METOD_CLASS`, `METOD_METODO`, `METOD_APELIDO`, `METOD_PRIVADO`) VALUES (153, 'produto', 'cadastrar', 'produto/cadastrar', 0);
INSERT INTO METODOS (`METOD_ID`, `METOD_CLASS`, `METOD_METODO`, `METOD_APELIDO`, `METOD_PRIVADO`) VALUES (154, 'produto', 'listar', 'produto/listar', 0);
INSERT INTO METODOS (`METOD_ID`, `METOD_CLASS`, `METOD_METODO`, `METOD_APELIDO`, `METOD_PRIVADO`) VALUES (155, 'produto', 'busca', 'produto/busca', 0);
INSERT INTO METODOS (`METOD_ID`, `METOD_CLASS`, `METOD_METODO`, `METOD_APELIDO`, `METOD_PRIVADO`) VALUES (156, 'produto', 'editar', 'produto/editar', 0);
INSERT INTO METODOS (`METOD_ID`, `METOD_CLASS`, `METOD_METODO`, `METOD_APELIDO`, `METOD_PRIVADO`) VALUES (157, 'produto', 'excluir', 'produto/excluir', 0);
INSERT INTO METODOS (`METOD_ID`, `METOD_CLASS`, `METOD_METODO`, `METOD_APELIDO`, `METOD_PRIVADO`) VALUES (158, 'produto', 'exibir', 'produto/exibir', 0);
INSERT INTO METODOS (`METOD_ID`, `METOD_CLASS`, `METOD_METODO`, `METOD_APELIDO`, `METOD_PRIVADO`) VALUES (159, 'produto', 'imagem', 'produto/imagem', 0);
INSERT INTO METODOS (`METOD_ID`, `METOD_CLASS`, `METOD_METODO`, `METOD_APELIDO`, `METOD_PRIVADO`) VALUES (160, 'servico', 'index', 'servico/index', 0);
INSERT INTO METODOS (`METOD_ID`, `METOD_CLASS`, `METOD_METODO`, `METOD_APELIDO`, `METOD_PRIVADO`) VALUES (161, 'servico', 'cadastrar', 'servico/cadastrar', 0);
INSERT INTO METODOS (`METOD_ID`, `METOD_CLASS`, `METOD_METODO`, `METOD_APELIDO`, `METOD_PRIVADO`) VALUES (162, 'servico', 'listar', 'servico/listar', 0);
INSERT INTO METODOS (`METOD_ID`, `METOD_CLASS`, `METOD_METODO`, `METOD_APELIDO`, `METOD_PRIVADO`) VALUES (163, 'servico', 'busca', 'servico/busca', 0);
INSERT INTO METODOS (`METOD_ID`, `METOD_CLASS`, `METOD_METODO`, `METOD_APELIDO`, `METOD_PRIVADO`) VALUES (164, 'servico', 'editar', 'servico/editar', 0);
INSERT INTO METODOS (`METOD_ID`, `METOD_CLASS`, `METOD_METODO`, `METOD_APELIDO`, `METOD_PRIVADO`) VALUES (165, 'servico', 'excluir', 'servico/excluir', 0);
INSERT INTO METODOS (`METOD_ID`, `METOD_CLASS`, `METOD_METODO`, `METOD_APELIDO`, `METOD_PRIVADO`) VALUES (166, 'pessoa', 'index', 'pessoa/index', 0);
INSERT INTO METODOS (`METOD_ID`, `METOD_CLASS`, `METOD_METODO`, `METOD_APELIDO`, `METOD_PRIVADO`) VALUES (169, 'pessoa', 'cadastrar', 'pessoa/cadastrar', 0);
INSERT INTO METODOS (`METOD_ID`, `METOD_CLASS`, `METOD_METODO`, `METOD_APELIDO`, `METOD_PRIVADO`) VALUES (170, 'pessoa', 'busca', 'pessoa/busca', 0);
INSERT INTO METODOS (`METOD_ID`, `METOD_CLASS`, `METOD_METODO`, `METOD_APELIDO`, `METOD_PRIVADO`) VALUES (171, 'pessoa', 'editar', 'pessoa/editar', 0);
INSERT INTO METODOS (`METOD_ID`, `METOD_CLASS`, `METOD_METODO`, `METOD_APELIDO`, `METOD_PRIVADO`) VALUES (172, 'pessoa', 'excluir', 'pessoa/excluir', 0);
INSERT INTO METODOS (`METOD_ID`, `METOD_CLASS`, `METOD_METODO`, `METOD_APELIDO`, `METOD_PRIVADO`) VALUES (173, 'usuario', 'index', 'usuario/index', 0);
INSERT INTO METODOS (`METOD_ID`, `METOD_CLASS`, `METOD_METODO`, `METOD_APELIDO`, `METOD_PRIVADO`) VALUES (174, 'usuario', 'listar', 'usuario/listar', 0);
INSERT INTO METODOS (`METOD_ID`, `METOD_CLASS`, `METOD_METODO`, `METOD_APELIDO`, `METOD_PRIVADO`) VALUES (175, 'usuario', 'cadastrar', 'usuario/cadastrar', 0);
INSERT INTO METODOS (`METOD_ID`, `METOD_CLASS`, `METOD_METODO`, `METOD_APELIDO`, `METOD_PRIVADO`) VALUES (176, 'pessoa', 'pegapessoa', 'pessoa/pegapessoa', 0);
INSERT INTO METODOS (`METOD_ID`, `METOD_CLASS`, `METOD_METODO`, `METOD_APELIDO`, `METOD_PRIVADO`) VALUES (177, 'usuario', 'busca', 'usuario/busca', 0);
INSERT INTO METODOS (`METOD_ID`, `METOD_CLASS`, `METOD_METODO`, `METOD_APELIDO`, `METOD_PRIVADO`) VALUES (178, 'usuario', 'editar', 'usuario/editar', 0);
INSERT INTO METODOS (`METOD_ID`, `METOD_CLASS`, `METOD_METODO`, `METOD_APELIDO`, `METOD_PRIVADO`) VALUES (179, 'permissoes', 'index', 'permissoes/index', 0);
INSERT INTO METODOS (`METOD_ID`, `METOD_CLASS`, `METOD_METODO`, `METOD_APELIDO`, `METOD_PRIVADO`) VALUES (180, 'usuario', 'pegausuario', 'usuario/pegausuario', 0);
INSERT INTO METODOS (`METOD_ID`, `METOD_CLASS`, `METOD_METODO`, `METOD_APELIDO`, `METOD_PRIVADO`) VALUES (181, 'permissoes', 'gerenciar', 'permissoes/gerenciar', 0);
INSERT INTO METODOS (`METOD_ID`, `METOD_CLASS`, `METOD_METODO`, `METOD_APELIDO`, `METOD_PRIVADO`) VALUES (182, 'permissoes', 'inserir', 'permissoes/inserir', 0);
INSERT INTO METODOS (`METOD_ID`, `METOD_CLASS`, `METOD_METODO`, `METOD_APELIDO`, `METOD_PRIVADO`) VALUES (183, 'permissoes', 'retirar', 'permissoes/retirar', 0);
INSERT INTO METODOS (`METOD_ID`, `METOD_CLASS`, `METOD_METODO`, `METOD_APELIDO`, `METOD_PRIVADO`) VALUES (184, 'endereco', 'index', 'endereco/index', 0);
INSERT INTO METODOS (`METOD_ID`, `METOD_CLASS`, `METOD_METODO`, `METOD_APELIDO`, `METOD_PRIVADO`) VALUES (185, 'endereco', 'bairro', 'endereco/bairro', 0);
INSERT INTO METODOS (`METOD_ID`, `METOD_CLASS`, `METOD_METODO`, `METOD_APELIDO`, `METOD_PRIVADO`) VALUES (186, 'endereco', 'rua', 'endereco/rua', 0);
INSERT INTO METODOS (`METOD_ID`, `METOD_CLASS`, `METOD_METODO`, `METOD_APELIDO`, `METOD_PRIVADO`) VALUES (187, 'endereco', 'pegacidades', 'endereco/pegacidades', 0);
INSERT INTO METODOS (`METOD_ID`, `METOD_CLASS`, `METOD_METODO`, `METOD_APELIDO`, `METOD_PRIVADO`) VALUES (188, 'endereco', 'pegabairros', 'endereco/pegabairros', 0);
INSERT INTO METODOS (`METOD_ID`, `METOD_CLASS`, `METOD_METODO`, `METOD_APELIDO`, `METOD_PRIVADO`) VALUES (189, 'endereco', 'pegaruas', 'endereco/pegaruas', 0);
INSERT INTO METODOS (`METOD_ID`, `METOD_CLASS`, `METOD_METODO`, `METOD_APELIDO`, `METOD_PRIVADO`) VALUES (190, 'endereco', 'busca', 'endereco/busca', 0);
INSERT INTO METODOS (`METOD_ID`, `METOD_CLASS`, `METOD_METODO`, `METOD_APELIDO`, `METOD_PRIVADO`) VALUES (194, 'categoria', 'index', 'categoria/index', 0);
INSERT INTO METODOS (`METOD_ID`, `METOD_CLASS`, `METOD_METODO`, `METOD_APELIDO`, `METOD_PRIVADO`) VALUES (195, 'categoria', 'cadastrar', 'categoria/cadastrar', 0);
INSERT INTO METODOS (`METOD_ID`, `METOD_CLASS`, `METOD_METODO`, `METOD_APELIDO`, `METOD_PRIVADO`) VALUES (196, 'categoria', 'listar', 'categoria/listar', 0);
INSERT INTO METODOS (`METOD_ID`, `METOD_CLASS`, `METOD_METODO`, `METOD_APELIDO`, `METOD_PRIVADO`) VALUES (197, 'categoria', 'busca', 'categoria/busca', 0);
INSERT INTO METODOS (`METOD_ID`, `METOD_CLASS`, `METOD_METODO`, `METOD_APELIDO`, `METOD_PRIVADO`) VALUES (198, 'categoria', 'editar', 'categoria/editar', 0);
INSERT INTO METODOS (`METOD_ID`, `METOD_CLASS`, `METOD_METODO`, `METOD_APELIDO`, `METOD_PRIVADO`) VALUES (199, 'categoria', 'imagem', 'categoria/imagem', 0);
INSERT INTO METODOS (`METOD_ID`, `METOD_CLASS`, `METOD_METODO`, `METOD_APELIDO`, `METOD_PRIVADO`) VALUES (200, 'medida', 'index', 'medida/index', 0);
INSERT INTO METODOS (`METOD_ID`, `METOD_CLASS`, `METOD_METODO`, `METOD_APELIDO`, `METOD_PRIVADO`) VALUES (203, 'medida', 'cadastrar', 'medida/cadastrar', 0);
INSERT INTO METODOS (`METOD_ID`, `METOD_CLASS`, `METOD_METODO`, `METOD_APELIDO`, `METOD_PRIVADO`) VALUES (204, 'medida', 'busca', 'medida/busca', 0);
INSERT INTO METODOS (`METOD_ID`, `METOD_CLASS`, `METOD_METODO`, `METOD_APELIDO`, `METOD_PRIVADO`) VALUES (205, 'medida', 'editar', 'medida/editar', 0);
INSERT INTO METODOS (`METOD_ID`, `METOD_CLASS`, `METOD_METODO`, `METOD_APELIDO`, `METOD_PRIVADO`) VALUES (206, 'medida', 'excluir', 'medida/excluir', 0);
INSERT INTO METODOS (`METOD_ID`, `METOD_CLASS`, `METOD_METODO`, `METOD_APELIDO`, `METOD_PRIVADO`) VALUES (207, 'venda', 'index', 'venda/index', 0);
INSERT INTO METODOS (`METOD_ID`, `METOD_CLASS`, `METOD_METODO`, `METOD_APELIDO`, `METOD_PRIVADO`) VALUES (208, 'venda', 'abrir', 'venda/abrir', 0);
INSERT INTO METODOS (`METOD_ID`, `METOD_CLASS`, `METOD_METODO`, `METOD_APELIDO`, `METOD_PRIVADO`) VALUES (209, 'produto', 'pegaproduto', 'produto/pegaproduto', 0);
INSERT INTO METODOS (`METOD_ID`, `METOD_CLASS`, `METOD_METODO`, `METOD_APELIDO`, `METOD_PRIVADO`) VALUES (210, 'venda', 'addproduto', 'venda/addproduto', 0);
INSERT INTO METODOS (`METOD_ID`, `METOD_CLASS`, `METOD_METODO`, `METOD_APELIDO`, `METOD_PRIVADO`) VALUES (211, 'venda', 'avista', 'venda/avista', 0);
INSERT INTO METODOS (`METOD_ID`, `METOD_CLASS`, `METOD_METODO`, `METOD_APELIDO`, `METOD_PRIVADO`) VALUES (212, 'venda', 'atualizar', 'venda/atualizar', 0);
INSERT INTO METODOS (`METOD_ID`, `METOD_CLASS`, `METOD_METODO`, `METOD_APELIDO`, `METOD_PRIVADO`) VALUES (213, 'venda', 'excluir', 'venda/excluir', 0);
INSERT INTO METODOS (`METOD_ID`, `METOD_CLASS`, `METOD_METODO`, `METOD_APELIDO`, `METOD_PRIVADO`) VALUES (214, 'venda', 'fecha_pedido', 'venda/fecha_pedido', 0);
INSERT INTO METODOS (`METOD_ID`, `METOD_CLASS`, `METOD_METODO`, `METOD_APELIDO`, `METOD_PRIVADO`) VALUES (215, 'venda', 'cansela', 'venda/cansela', 0);
INSERT INTO METODOS (`METOD_ID`, `METOD_CLASS`, `METOD_METODO`, `METOD_APELIDO`, `METOD_PRIVADO`) VALUES (216, 'home', 'index', 'home/index', 0);
INSERT INTO METODOS (`METOD_ID`, `METOD_CLASS`, `METOD_METODO`, `METOD_APELIDO`, `METOD_PRIVADO`) VALUES (219, 'configuracoes', 'index', 'configuracoes/index', 0);
INSERT INTO METODOS (`METOD_ID`, `METOD_CLASS`, `METOD_METODO`, `METOD_APELIDO`, `METOD_PRIVADO`) VALUES (220, 'home', 'login', 'home/login', 0);
INSERT INTO METODOS (`METOD_ID`, `METOD_CLASS`, `METOD_METODO`, `METOD_APELIDO`, `METOD_PRIVADO`) VALUES (221, 'home', 'dologin', 'home/dologin', 0);


INSERT INTO PERMISSOES (`PERM_ID`, `USUARIO_ID`, `METOD_ID`) VALUES (31, 2, 179);
INSERT INTO PERMISSOES (`PERM_ID`, `USUARIO_ID`, `METOD_ID`) VALUES (32, 2, 172);
INSERT INTO PERMISSOES (`PERM_ID`, `USUARIO_ID`, `METOD_ID`) VALUES (33, 2, 171);
INSERT INTO PERMISSOES (`PERM_ID`, `USUARIO_ID`, `METOD_ID`) VALUES (34, 2, 170);
INSERT INTO PERMISSOES (`PERM_ID`, `USUARIO_ID`, `METOD_ID`) VALUES (35, 2, 152);
INSERT INTO PERMISSOES (`PERM_ID`, `USUARIO_ID`, `METOD_ID`) VALUES (36, 2, 153);
INSERT INTO PERMISSOES (`PERM_ID`, `USUARIO_ID`, `METOD_ID`) VALUES (37, 2, 176);
INSERT INTO PERMISSOES (`PERM_ID`, `USUARIO_ID`, `METOD_ID`) VALUES (38, 2, 155);
INSERT INTO PERMISSOES (`PERM_ID`, `USUARIO_ID`, `METOD_ID`) VALUES (39, 2, 181);
INSERT INTO PERMISSOES (`PERM_ID`, `USUARIO_ID`, `METOD_ID`) VALUES (40, 2, 157);
INSERT INTO PERMISSOES (`PERM_ID`, `USUARIO_ID`, `METOD_ID`) VALUES (41, 2, 166);
INSERT INTO PERMISSOES (`PERM_ID`, `USUARIO_ID`, `METOD_ID`) VALUES (42, 2, 159);
INSERT INTO PERMISSOES (`PERM_ID`, `USUARIO_ID`, `METOD_ID`) VALUES (43, 2, 158);
INSERT INTO PERMISSOES (`PERM_ID`, `USUARIO_ID`, `METOD_ID`) VALUES (44, 2, 156);
INSERT INTO PERMISSOES (`PERM_ID`, `USUARIO_ID`, `METOD_ID`) VALUES (45, 2, 160);
INSERT INTO PERMISSOES (`PERM_ID`, `USUARIO_ID`, `METOD_ID`) VALUES (46, 2, 169);
INSERT INTO PERMISSOES (`PERM_ID`, `USUARIO_ID`, `METOD_ID`) VALUES (47, 2, 164);
INSERT INTO PERMISSOES (`PERM_ID`, `USUARIO_ID`, `METOD_ID`) VALUES (48, 2, 154);
INSERT INTO PERMISSOES (`PERM_ID`, `USUARIO_ID`, `METOD_ID`) VALUES (49, 2, 173);
INSERT INTO PERMISSOES (`PERM_ID`, `USUARIO_ID`, `METOD_ID`) VALUES (50, 2, 161);
INSERT INTO PERMISSOES (`PERM_ID`, `USUARIO_ID`, `METOD_ID`) VALUES (51, 2, 177);
INSERT INTO PERMISSOES (`PERM_ID`, `USUARIO_ID`, `METOD_ID`) VALUES (52, 2, 174);
INSERT INTO PERMISSOES (`PERM_ID`, `USUARIO_ID`, `METOD_ID`) VALUES (53, 2, 180);
INSERT INTO PERMISSOES (`PERM_ID`, `USUARIO_ID`, `METOD_ID`) VALUES (54, 2, 175);
INSERT INTO PERMISSOES (`PERM_ID`, `USUARIO_ID`, `METOD_ID`) VALUES (55, 2, 178);
INSERT INTO PERMISSOES (`PERM_ID`, `USUARIO_ID`, `METOD_ID`) VALUES (56, 2, 165);
INSERT INTO PERMISSOES (`PERM_ID`, `USUARIO_ID`, `METOD_ID`) VALUES (57, 2, 163);
INSERT INTO PERMISSOES (`PERM_ID`, `USUARIO_ID`, `METOD_ID`) VALUES (58, 2, 162);
INSERT INTO PERMISSOES (`PERM_ID`, `USUARIO_ID`, `METOD_ID`) VALUES (59, 1, 198);
INSERT INTO PERMISSOES (`PERM_ID`, `USUARIO_ID`, `METOD_ID`) VALUES (60, 1, 199);
INSERT INTO PERMISSOES (`PERM_ID`, `USUARIO_ID`, `METOD_ID`) VALUES (61, 1, 188);
INSERT INTO PERMISSOES (`PERM_ID`, `USUARIO_ID`, `METOD_ID`) VALUES (62, 1, 219);
INSERT INTO PERMISSOES (`PERM_ID`, `USUARIO_ID`, `METOD_ID`) VALUES (63, 1, 197);
INSERT INTO PERMISSOES (`PERM_ID`, `USUARIO_ID`, `METOD_ID`) VALUES (64, 1, 194);
INSERT INTO PERMISSOES (`PERM_ID`, `USUARIO_ID`, `METOD_ID`) VALUES (65, 1, 187);
INSERT INTO PERMISSOES (`PERM_ID`, `USUARIO_ID`, `METOD_ID`) VALUES (66, 1, 196);
INSERT INTO PERMISSOES (`PERM_ID`, `USUARIO_ID`, `METOD_ID`) VALUES (67, 1, 195);
INSERT INTO PERMISSOES (`PERM_ID`, `USUARIO_ID`, `METOD_ID`) VALUES (68, 1, 186);
INSERT INTO PERMISSOES (`PERM_ID`, `USUARIO_ID`, `METOD_ID`) VALUES (69, 1, 189);
INSERT INTO PERMISSOES (`PERM_ID`, `USUARIO_ID`, `METOD_ID`) VALUES (70, 1, 184);
INSERT INTO PERMISSOES (`PERM_ID`, `USUARIO_ID`, `METOD_ID`) VALUES (71, 1, 190);
INSERT INTO PERMISSOES (`PERM_ID`, `USUARIO_ID`, `METOD_ID`) VALUES (72, 1, 200);
INSERT INTO PERMISSOES (`PERM_ID`, `USUARIO_ID`, `METOD_ID`) VALUES (73, 1, 203);
INSERT INTO PERMISSOES (`PERM_ID`, `USUARIO_ID`, `METOD_ID`) VALUES (74, 1, 204);
INSERT INTO PERMISSOES (`PERM_ID`, `USUARIO_ID`, `METOD_ID`) VALUES (75, 1, 216);
INSERT INTO PERMISSOES (`PERM_ID`, `USUARIO_ID`, `METOD_ID`) VALUES (76, 1, 185);
INSERT INTO PERMISSOES (`PERM_ID`, `USUARIO_ID`, `METOD_ID`) VALUES (77, 1, 182);
INSERT INTO PERMISSOES (`PERM_ID`, `USUARIO_ID`, `METOD_ID`) VALUES (78, 1, 205);
INSERT INTO PERMISSOES (`PERM_ID`, `USUARIO_ID`, `METOD_ID`) VALUES (79, 1, 183);
INSERT INTO PERMISSOES (`PERM_ID`, `USUARIO_ID`, `METOD_ID`) VALUES (80, 1, 179);
INSERT INTO PERMISSOES (`PERM_ID`, `USUARIO_ID`, `METOD_ID`) VALUES (81, 1, 206);
INSERT INTO PERMISSOES (`PERM_ID`, `USUARIO_ID`, `METOD_ID`) VALUES (82, 1, 170);
INSERT INTO PERMISSOES (`PERM_ID`, `USUARIO_ID`, `METOD_ID`) VALUES (83, 1, 181);
INSERT INTO PERMISSOES (`PERM_ID`, `USUARIO_ID`, `METOD_ID`) VALUES (84, 1, 169);
INSERT INTO PERMISSOES (`PERM_ID`, `USUARIO_ID`, `METOD_ID`) VALUES (85, 1, 171);
INSERT INTO PERMISSOES (`PERM_ID`, `USUARIO_ID`, `METOD_ID`) VALUES (86, 1, 176);
INSERT INTO PERMISSOES (`PERM_ID`, `USUARIO_ID`, `METOD_ID`) VALUES (87, 1, 172);
INSERT INTO PERMISSOES (`PERM_ID`, `USUARIO_ID`, `METOD_ID`) VALUES (88, 1, 155);
INSERT INTO PERMISSOES (`PERM_ID`, `USUARIO_ID`, `METOD_ID`) VALUES (89, 1, 157);
INSERT INTO PERMISSOES (`PERM_ID`, `USUARIO_ID`, `METOD_ID`) VALUES (90, 1, 166);
INSERT INTO PERMISSOES (`PERM_ID`, `USUARIO_ID`, `METOD_ID`) VALUES (91, 1, 156);
INSERT INTO PERMISSOES (`PERM_ID`, `USUARIO_ID`, `METOD_ID`) VALUES (92, 1, 158);
INSERT INTO PERMISSOES (`PERM_ID`, `USUARIO_ID`, `METOD_ID`) VALUES (93, 1, 152);
INSERT INTO PERMISSOES (`PERM_ID`, `USUARIO_ID`, `METOD_ID`) VALUES (94, 1, 153);
INSERT INTO PERMISSOES (`PERM_ID`, `USUARIO_ID`, `METOD_ID`) VALUES (95, 1, 159);
INSERT INTO PERMISSOES (`PERM_ID`, `USUARIO_ID`, `METOD_ID`) VALUES (96, 1, 154);
INSERT INTO PERMISSOES (`PERM_ID`, `USUARIO_ID`, `METOD_ID`) VALUES (97, 1, 209);
INSERT INTO PERMISSOES (`PERM_ID`, `USUARIO_ID`, `METOD_ID`) VALUES (98, 1, 164);
INSERT INTO PERMISSOES (`PERM_ID`, `USUARIO_ID`, `METOD_ID`) VALUES (99, 1, 165);
INSERT INTO PERMISSOES (`PERM_ID`, `USUARIO_ID`, `METOD_ID`) VALUES (100, 1, 162);
INSERT INTO PERMISSOES (`PERM_ID`, `USUARIO_ID`, `METOD_ID`) VALUES (101, 1, 161);
INSERT INTO PERMISSOES (`PERM_ID`, `USUARIO_ID`, `METOD_ID`) VALUES (102, 1, 163);
INSERT INTO PERMISSOES (`PERM_ID`, `USUARIO_ID`, `METOD_ID`) VALUES (103, 1, 178);
INSERT INTO PERMISSOES (`PERM_ID`, `USUARIO_ID`, `METOD_ID`) VALUES (104, 1, 160);
INSERT INTO PERMISSOES (`PERM_ID`, `USUARIO_ID`, `METOD_ID`) VALUES (105, 1, 177);
INSERT INTO PERMISSOES (`PERM_ID`, `USUARIO_ID`, `METOD_ID`) VALUES (106, 1, 175);
INSERT INTO PERMISSOES (`PERM_ID`, `USUARIO_ID`, `METOD_ID`) VALUES (107, 1, 180);
INSERT INTO PERMISSOES (`PERM_ID`, `USUARIO_ID`, `METOD_ID`) VALUES (108, 1, 215);
INSERT INTO PERMISSOES (`PERM_ID`, `USUARIO_ID`, `METOD_ID`) VALUES (109, 1, 214);
INSERT INTO PERMISSOES (`PERM_ID`, `USUARIO_ID`, `METOD_ID`) VALUES (110, 1, 213);
INSERT INTO PERMISSOES (`PERM_ID`, `USUARIO_ID`, `METOD_ID`) VALUES (111, 1, 208);
INSERT INTO PERMISSOES (`PERM_ID`, `USUARIO_ID`, `METOD_ID`) VALUES (112, 1, 173);
INSERT INTO PERMISSOES (`PERM_ID`, `USUARIO_ID`, `METOD_ID`) VALUES (113, 1, 210);
INSERT INTO PERMISSOES (`PERM_ID`, `USUARIO_ID`, `METOD_ID`) VALUES (114, 1, 174);
INSERT INTO PERMISSOES (`PERM_ID`, `USUARIO_ID`, `METOD_ID`) VALUES (115, 1, 207);
INSERT INTO PERMISSOES (`PERM_ID`, `USUARIO_ID`, `METOD_ID`) VALUES (116, 1, 212);
INSERT INTO PERMISSOES (`PERM_ID`, `USUARIO_ID`, `METOD_ID`) VALUES (117, 1, 211);


INSERT INTO MEDIDAS (`MEDI_ID`, `MEDI_NOME`, `MEDI_SIGLA`) VALUES (1, 'UNIDADE', 'UN');

INSERT INTO CATEGORIA (`CATE_ID`, `CATE_NOME`, `CATE_DESCRIC`, `CATE_IMG`, `CATE_ESTATUS`) VALUES (1, 'ARMAZENAMENTO', NULL, NULL, 'a');
INSERT INTO CATEGORIA (`CATE_ID`, `CATE_NOME`, `CATE_DESCRIC`, `CATE_IMG`, `CATE_ESTATUS`) VALUES (2, 'HARDWARE', '', NULL, NULL);

INSERT INTO PRODUTOS (`PRO_ID`, `PRO_DESCRICAO`, `PRO_CARAC_TEC`, `PRO_ESTATUS`, `CATE_ID`, `MEDI_ID`, `PRO_IMG`, `PRO_PESO`) VALUES (1, 'PENDRIVER KINGSTONE 16GB', '', 'a', 1, 1, '1.jpg', '0.200');
INSERT INTO PRODUTOS (`PRO_ID`, `PRO_DESCRICAO`, `PRO_CARAC_TEC`, `PRO_ESTATUS`, `CATE_ID`, `MEDI_ID`, `PRO_IMG`, `PRO_PESO`) VALUES (2, 'PLACA MAE GIGABITE 775 1333 S/V/R', '', 'a', 2, 1, NULL, '1.000');

INSERT INTO ESTOQUE (`ESTOQ_ID`, `PRO_ID`, `ESTOQ_ATUAL`, `ESTOQ_MIN`, `ESTOQ_CUSTO`, `ESTOQ_PRECO`) VALUES (1, 1, '92.00', '3.00', '15.00', '22.00');
INSERT INTO ESTOQUE (`ESTOQ_ID`, `PRO_ID`, `ESTOQ_ATUAL`, `ESTOQ_MIN`, `ESTOQ_CUSTO`, `ESTOQ_PRECO`) VALUES (2, 2, '96.00', '10.00', '200.00', '280.00');
